brushes,mode,scope,calls_per_step,inclusive_ms_per_step,exclusive_ms_per_step,exclusive_percent
1,normal,Brush.copy.faces,1.000,0.000850,0.000850,0.044
1,normal,Brush.copy.geometry,1.000,0.011102,0.011102,0.569
1,normal,Brush::moveBoundary,1.000,0.034682,0.034682,1.776
1,normal,BrushRenderer::validate,1.000,0.010652,0.003806,0.195
1,normal,BrushRenderer::validateBrush,1.000,0.006846,0.006846,0.351
1,normal,CommandProcessor::executeAndStore,1.000,0.213506,0.070504,3.611
1,normal,CommandProcessor::rollbackTransaction,1.000,0.431922,0.007685,0.394
1,normal,CommandProcessor::undoCommand,1.000,0.274214,0.117487,6.017
1,normal,EntityPropertyGrid::updateControls,2.000,0.006837,0.006837,0.350
1,normal,ExtrudeTool::extrude,1.000,0.833152,0.002800,0.143
1,normal,FaceAttribsEditor::updateControls,1.000,0.182934,0.182934,9.368
1,normal,Map::nodesDidChange,2.000,0.009462,0.009462,0.485
1,normal,Map::nodesWillChange,2.000,0.002878,0.002878,0.147
1,normal,Map::rollbackTransaction,1.000,0.437347,0.005425,0.278
1,normal,MapDocument::transactionDone,1.000,0.115701,0.100121,5.127
1,normal,MapDocument::transactionUndone,1.000,0.150023,0.130126,6.664
1,normal,MapRenderer::nodesDidChange,2.000,0.005972,0.005972,0.306
1,normal,MapViewBase::renderContents,1.000,0.441608,0.430956,22.070
1,normal,MapViewBase::updateActionStates,8.000,0.015814,0.015814,0.810
1,normal,OutlinerEntityPropertyEditor::refreshEmbeddedEditors,2.000,0.000668,0.000668,0.034
1,normal,OutlinerEntityPropertyEditor::refreshVisiblePropertyValues,2.000,0.264768,0.264768,13.559
1,normal,Qt.MetaCall,4.000,0.193822,0.193822,9.926
1,normal,Qt.Paint,1.000,0.484406,0.035327,1.809
1,normal,Qt.Timer,1.286,0.296579,0.058875,3.015
1,normal,Qt.UpdateRequest,1.000,0.497662,0.013256,0.679
1,normal,RenderView::paintGL,1.000,0.449079,0.000667,0.034
1,normal,RenderView::render,1.000,0.448412,0.006804,0.348
1,normal,ToolBoxConnector::updatePickResult,8.000,0.012825,0.012825,0.657
1,normal,doSwapNodeContents,2.000,0.299730,0.015983,0.819
1,normal,drag,1.000,0.849076,0.003431,0.176
1,normal,events_and_render,1.000,1.102006,0.168712,8.640
1,normal,extrudeBrushes,1.000,0.393006,0.004838,0.248
1,normal,frame,1.000,1.952701,0.001619,0.083
1,normal,input.pick,1.000,0.012493,0.012493,0.640
1,normal,updateNodeContents,1.000,0.341534,0.012326,0.631
1,outward,Brush.copy,1.000,0.016388,0.001453,0.011
1,outward,Brush.copy.faces,1.000,0.001254,0.001254,0.010
1,outward,Brush.copy.geometry,1.000,0.013682,0.013682,0.107
1,outward,Brush::clip,1.000,0.023203,0.023203,0.182
1,outward,Brush::moveBoundary,1.000,0.038517,0.038517,0.302
1,outward,BrushRenderer::addBrush,5.000,0.007394,0.003983,0.031
1,outward,BrushRenderer::invalidate,6.000,0.004787,0.004787,0.038
1,outward,BrushRenderer::removeBrush,5.000,0.005484,0.004108,0.032
1,outward,BrushRenderer::validate,2.000,0.028673,0.007629,0.060
1,outward,BrushRenderer::validateBrush,2.000,0.021044,0.021044,0.165
1,outward,CommandProcessor::executeAndStore,5.000,1.698060,0.164773,1.293
1,outward,CommandProcessor::rollbackTransaction,1.000,2.540716,0.017092,0.134
1,outward,CommandProcessor::undoCommand,3.000,2.361274,0.430597,3.380
1,outward,EntityPropertyGrid::updateControls,6.000,0.022642,0.022642,0.178
1,outward,ExtrudeTool::extrude,1.000,4.483026,0.000839,0.007
1,outward,FaceAttribsEditor::updateControls,1.000,0.206834,0.206834,1.624
1,outward,Map::nodesWereAdded,1.000,0.007737,0.007737,0.061
1,outward,Map::nodesWereRemoved,1.000,0.003521,0.003521,0.028
1,outward,Map::nodesWillBeRemoved,1.000,0.003044,0.003044,0.024
1,outward,Map::rollbackTransaction,1.000,2.549818,0.009102,0.071
1,outward,Map::selectionDidChange,4.000,0.008850,0.008850,0.069
1,outward,Map::selectionWillChange,4.000,0.000825,0.000825,0.006
1,outward,MapDocument::transactionDone,1.000,0.114224,0.096600,0.758
1,outward,MapDocument::transactionUndone,1.000,0.162350,0.142577,1.119
1,outward,MapRenderer::nodesWereAdded,1.000,0.002085,0.001181,0.009
1,outward,MapRenderer::nodesWereRemoved,1.000,0.002370,0.001226,0.010
1,outward,MapRenderer::selectionDidChange,4.000,0.021809,0.010979,0.086
1,outward,MapViewBase::renderContents,1.000,0.594591,0.565917,4.442
1,outward,MapViewBase::selectionDidChange,16.000,0.089792,0.033970,0.267
1,outward,MapViewBase::updateActionStates,24.000,0.046543,0.046543,0.365
1,outward,MapWindow::selectionDidChange,4.000,0.247317,0.247317,1.941
1,outward,MapWindow::updateActionState,1.000,0.033014,0.033014,0.259
1,outward,OutlinerEntityPropertyEditor::rebuildPropertyRows,1.000,1.948924,1.741056,13.666
1,outward,OutlinerEntityPropertyEditor::updateFromSelection,1.000,1.956757,0.007833,0.061
1,outward,OutlinerTreeWidget::onDocumentSelectionChanged,4.000,2.518344,0.005261,0.041
1,outward,OutlinerTreeWidget::refreshTreeParents,2.000,0.227186,0.108217,0.849
1,outward,OutlinerTreeWidget::setupTreeItem,5.000,0.102938,0.102938,0.808
1,outward,OutlinerTreeWidget::syncSelectionFromDocument,6.000,2.529114,2.529114,19.852
1,outward,Qt.LayoutRequest,2.000,0.001151,0.001151,0.009
1,outward,Qt.MetaCall,11.000,2.357144,0.400387,3.143
1,outward,Qt.Paint,19.000,2.698146,2.090974,16.413
1,outward,Qt.Polish,7.000,0.510302,0.510302,4.006
1,outward,Qt.PolishRequest,7.000,0.316630,0.014196,0.111
1,outward,Qt.Timer,4.664,1.127294,0.570692,4.480
1,outward,Qt.UpdateRequest,1.000,4.338822,1.640676,12.878
1,outward,RenderView::paintGL,1.000,0.607172,0.000982,0.008
1,outward,RenderView::render,1.000,0.606190,0.011599,0.091
1,outward,ToolBoxConnector::updatePickResult,24.000,0.039775,0.039775,0.312
1,outward,addNodes,1.000,0.424115,0.019517,0.153
1,outward,addNodesAndNotify,1.000,0.134414,0.006483,0.051
1,outward,deselectAll,1.000,0.414482,0.004946,0.039
1,outward,drag,1.000,4.510768,0.006209,0.049
1,outward,events_and_render,1.000,8.226909,0.402621,3.160
1,outward,frame,1.000,12.739847,0.002170,0.017
1,outward,input.pick,1.000,0.021534,0.021534,0.169
1,outward,notify.selectionDidChange,4.000,3.200553,0.298700,2.345
1,outward,removeNodesAndNotify,1.000,0.128172,0.010160,0.080
1,outward,selectNodes,1.000,1.006837,0.008687,0.068
1,outward,splitBrushesOutward,1.000,4.482186,0.008826,0.069
1,inward,Brush.copy,2.000,0.022091,0.001657,0.015
1,inward,Brush.copy.faces,3.000,0.002939,0.002939,0.027
1,inward,Brush.copy.geometry,3.000,0.029331,0.029331,0.272
1,inward,Brush::clip,2.000,0.055660,0.055660,0.517
1,inward,BrushRenderer::addBrush,5.000,0.004807,0.003521,0.033
1,inward,BrushRenderer::invalidate,6.000,0.002599,0.002599,0.024
1,inward,BrushRenderer::removeBrush,5.000,0.006634,0.005322,0.049
1,inward,BrushRenderer::validate,1.000,0.021534,0.006076,0.056
1,inward,BrushRenderer::validateBrush,2.000,0.015458,0.015458,0.144
1,inward,CommandProcessor::executeAndStore,5.000,1.183946,0.131558,1.222
1,inward,CommandProcessor::rollbackTransaction,1.000,2.329680,0.015840,0.147
1,inward,CommandProcessor::undoCommand,3.000,2.193501,0.240831,2.236
1,inward,EntityPropertyGrid::updateControls,6.000,0.024617,0.024617,0.229
1,inward,ExtrudeTool::extrude,1.000,3.851851,0.001604,0.015
1,inward,FaceAttribsEditor::updateControls,1.000,0.182462,0.182462,1.694
1,inward,Map::nodesDidChange,2.000,0.009600,0.009600,0.089
1,inward,Map::nodesWereAdded,1.000,0.005054,0.005054,0.047
1,inward,Map::nodesWereRemoved,1.000,0.003295,0.003295,0.031
1,inward,Map::nodesWillBeRemoved,1.000,0.002738,0.002738,0.025
1,inward,Map::nodesWillChange,2.000,0.003017,0.003017,0.028
1,inward,Map::rollbackTransaction,1.000,2.338419,0.008739,0.081
1,inward,Map::selectionDidChange,3.000,0.008698,0.008698,0.081
1,inward,Map::selectionWillChange,3.000,0.000630,0.000630,0.006
1,inward,MapDocument::transactionDone,2.000,0.176160,0.142271,1.321
1,inward,MapDocument::transactionUndone,1.000,0.120339,0.099566,0.924
1,inward,MapRenderer::nodesDidChange,2.000,0.003908,0.003908,0.036
1,inward,MapRenderer::nodesWereAdded,1.000,0.003482,0.002063,0.019
1,inward,MapRenderer::nodesWereRemoved,1.000,0.002632,0.001417,0.013
1,inward,MapRenderer::selectionDidChange,3.000,0.017382,0.008575,0.080
1,inward,MapViewBase::renderContents,1.000,0.553637,0.532103,4.941
1,inward,MapViewBase::selectionDidChange,12.000,0.074481,0.030158,0.280
1,inward,MapViewBase::updateActionStates,24.000,0.045515,0.045515,0.423
1,inward,MapWindow::selectionDidChange,3.000,0.111826,0.111826,1.038
1,inward,MapWindow::updateActionState,1.000,0.033486,0.033486,0.311
1,inward,OutlinerEntityPropertyEditor::rebuildPropertyRows,1.000,1.732892,1.537230,14.273
1,inward,OutlinerEntityPropertyEditor::refreshEmbeddedEditors,2.000,0.000575,0.000575,0.005
1,inward,OutlinerEntityPropertyEditor::refreshVisiblePropertyValues,2.000,0.230500,0.230500,2.140
1,inward,OutlinerEntityPropertyEditor::updateFromSelection,1.000,1.740195,0.007303,0.068
1,inward,OutlinerTreeWidget::onDocumentSelectionChanged,3.000,1.075573,0.004429,0.041
1,inward,OutlinerTreeWidget::refreshTreeParents,2.000,1.186872,0.113335,1.052
1,inward,OutlinerTreeWidget::setupTreeItem,5.000,0.082767,0.082767,0.769
1,inward,OutlinerTreeWidget::syncSelectionFromDocument,5.000,2.061914,2.061914,19.145
1,inward,Qt.LayoutRequest,2.000,0.001042,0.001042,0.010
1,inward,Qt.MetaCall,12.000,2.104103,0.363908,3.379
1,inward,Qt.Paint,19.000,2.109514,1.543849,14.335
1,inward,Qt.Polish,7.000,0.473977,0.473977,4.401
1,inward,Qt.PolishRequest,7.000,0.292225,0.013909,0.129
1,inward,Qt.Timer,4.506,0.909378,0.443936,4.122
1,inward,Qt.UpdateRequest,1.000,3.550629,1.441115,13.381
1,inward,RenderView::paintGL,1.000,0.565665,0.000864,0.008
1,inward,RenderView::render,1.000,0.564801,0.011164,0.104
1,inward,ToolBoxConnector::updatePickResult,24.000,0.042691,0.042691,0.396
1,inward,addNodes,1.000,0.831229,0.016451,0.153
1,inward,addNodesAndNotify,1.000,0.620542,0.005569,0.052
1,inward,doSwapNodeContents,2.000,0.264763,0.017163,0.159
1,inward,drag,1.000,3.879003,0.006094,0.057
1,inward,events_and_render,1.000,6.888810,0.280928,2.608
1,inward,frame,1.000,10.769862,0.002050,0.019
1,inward,input.pick,1.000,0.021057,0.021057,0.196
1,inward,notify.selectionDidChange,3.000,1.520328,0.218530,2.029
1,inward,removeNodesAndNotify,1.000,0.598795,0.009696,0.090
1,inward,selectNodes,1.000,0.326202,0.008667,0.080
1,inward,splitBrushesInward,1.000,3.849671,0.020473,0.190
1,inward,splitBrushesOutward,1.000,0.000576,0.000576,0.005
1,inward,updateNodeContents,2.000,0.486532,0.015968,0.148
64,normal,Brush.copy.faces,1.000,0.000454,0.000454,0.026
64,normal,Brush.copy.geometry,1.000,0.009784,0.009784,0.571
64,normal,Brush::moveBoundary,1.000,0.032791,0.032791,1.914
64,normal,BrushRenderer::validate,1.000,0.009616,0.003561,0.208
64,normal,BrushRenderer::validateBrush,1.000,0.006055,0.006055,0.353
64,normal,CommandProcessor::executeAndStore,1.000,0.158619,0.034154,1.993
64,normal,CommandProcessor::rollbackTransaction,1.000,0.392992,0.006106,0.356
64,normal,CommandProcessor::undoCommand,1.000,0.240901,0.085162,4.970
64,normal,EntityPropertyGrid::updateControls,2.000,0.006244,0.006244,0.364
64,normal,ExtrudeTool::extrude,1.000,0.727594,0.002609,0.152
64,normal,FaceAttribsEditor::updateControls,1.000,0.166392,0.166392,9.711
64,normal,Map::nodesDidChange,2.000,0.008279,0.008279,0.483
64,normal,Map::nodesWillChange,2.000,0.002268,0.002268,0.132
64,normal,Map::rollbackTransaction,1.000,0.398237,0.005245,0.306
64,normal,MapDocument::transactionDone,1.000,0.107747,0.069914,4.080
64,normal,MapDocument::transactionUndone,1.000,0.145986,0.102742,5.996
64,normal,MapRenderer::nodesDidChange,2.000,0.005775,0.005775,0.337
64,normal,MapViewBase::renderContents,1.000,0.445502,0.435886,25.440
64,normal,MapViewBase::updateActionStates,8.000,0.016121,0.016121,0.941
64,normal,OutlinerEntityPropertyEditor::refreshEmbeddedEditors,2.000,0.000574,0.000574,0.034
64,normal,OutlinerEntityPropertyEditor::refreshVisiblePropertyValues,2.000,0.248298,0.248298,14.492
64,normal,Qt.MetaCall,4.000,0.164863,0.164863,9.622
64,normal,Qt.Paint,1.000,0.475292,0.022621,1.320
64,normal,Qt.Timer,1.233,0.244647,0.040942,2.390
64,normal,Qt.UpdateRequest,1.000,0.488026,0.012734,0.743
64,normal,RenderView::paintGL,1.000,0.452671,0.000662,0.039
64,normal,RenderView::render,1.000,0.452009,0.006507,0.380
64,normal,ToolBoxConnector::updatePickResult,8.000,0.058711,0.058711,3.427
64,normal,doSwapNodeContents,2.000,0.280204,0.015009,0.876
64,normal,drag,1.000,0.752247,0.003213,0.188
64,normal,events_and_render,1.000,0.959676,0.099452,5.804
64,normal,extrudeBrushes,1.000,0.326748,0.004922,0.287
64,normal,frame,1.000,1.713388,0.001465,0.086
64,normal,input.pick,1.000,0.021441,0.021441,1.251
64,normal,updateNodeContents,1.000,0.278797,0.012431,0.726
64,outward,Brush.copy,1.000,0.015827,0.001811,0.007
64,outward,Brush.copy.faces,1.000,0.000714,0.000714,0.003
64,outward,Brush.copy.geometry,1.000,0.013302,0.013302,0.055
64,outward,Brush::clip,1.000,0.023231,0.023231,0.096
64,outward,Brush::moveBoundary,1.000,0.037294,0.037294,0.154
64,outward,BrushRenderer::addBrush,5.000,0.030177,0.004680,0.019
64,outward,BrushRenderer::invalidate,6.000,0.033788,0.033788,0.139
64,outward,BrushRenderer::removeBrush,5.000,0.013123,0.004832,0.020
64,outward,BrushRenderer::validate,2.000,0.150962,0.021095,0.087
64,outward,BrushRenderer::validateBrush,65.000,0.129867,0.129867,0.535
64,outward,CommandProcessor::executeAndStore,5.000,3.311512,0.123605,0.509
64,outward,CommandProcessor::rollbackTransaction,1.000,4.145172,0.015040,0.062
64,outward,CommandProcessor::undoCommand,3.000,3.933944,0.371649,1.532
64,outward,EntityPropertyGrid::updateControls,6.000,0.026149,0.026149,0.108
64,outward,ExtrudeTool::extrude,1.000,7.721054,0.000888,0.004
64,outward,FaceAttribsEditor::updateControls,1.000,0.209238,0.209238,0.862
64,outward,Map::nodesWereAdded,1.000,0.008288,0.008288,0.034
64,outward,Map::nodesWereRemoved,1.000,0.003589,0.003589,0.015
64,outward,Map::nodesWillBeRemoved,1.000,0.003041,0.003041,0.013
64,outward,Map::rollbackTransaction,1.000,4.154976,0.009804,0.040
64,outward,Map::selectionDidChange,4.000,0.009257,0.009257,0.038
64,outward,Map::selectionWillChange,4.000,0.000921,0.000921,0.004
64,outward,MapDocument::transactionDone,1.000,0.132497,0.085738,0.353
64,outward,MapDocument::transactionUndone,1.000,0.196188,0.145293,0.599
64,outward,MapRenderer::nodesWereAdded,1.000,0.004922,0.001917,0.008
64,outward,MapRenderer::nodesWereRemoved,1.000,0.005628,0.001611,0.007
64,outward,MapRenderer::selectionDidChange,4.000,0.048934,0.012656,0.052
64,outward,MapViewBase::renderContents,1.000,0.742410,0.591448,2.438
64,outward,MapViewBase::selectionDidChange,16.000,0.196794,0.037581,0.155
64,outward,MapViewBase::updateActionStates,24.000,0.050643,0.050643,0.209
64,outward,MapWindow::selectionDidChange,4.000,0.220256,0.220256,0.908
64,outward,MapWindow::updateActionState,1.000,0.033192,0.033192,0.137
64,outward,OutlinerEntityPropertyEditor::rebuildPropertyRows,1.000,1.923668,1.719326,7.087
64,outward,OutlinerEntityPropertyEditor::updateFromSelection,1.000,1.932622,0.008954,0.037
64,outward,OutlinerTreeWidget::onDocumentSelectionChanged,4.000,3.890959,0.006291,0.026
64,outward,OutlinerTreeWidget::refreshTreeParents,2.000,1.991713,0.484030,1.995
64,outward,OutlinerTreeWidget::setupTreeItem,131.000,1.488847,1.488847,6.137
64,outward,OutlinerTreeWidget::syncSelectionFromDocument,6.000,3.903503,3.903503,16.090
64,outward,Qt.LayoutRequest,3.000,0.079137,0.079137,0.326
64,outward,Qt.MetaCall,15.000,3.601733,1.669111,6.880
64,outward,Qt.Paint,21.000,9.052810,8.296603,34.198
64,outward,Qt.Polish,7.000,0.492941,0.492941,2.032
64,outward,Qt.PolishRequest,7.000,0.301431,0.012832,0.053
64,outward,Qt.Timer,7.783,1.810795,1.069010,4.406
64,outward,Qt.UpdateRequest,1.000,10.738462,1.685652,6.948
64,outward,RenderView::paintGL,1.000,0.756207,0.001147,0.005
64,outward,RenderView::render,1.000,0.755061,0.012651,0.052
64,outward,ToolBoxConnector::updatePickResult,24.000,0.197980,0.197980,0.816
64,outward,addNodes,1.000,1.304642,0.021237,0.088
64,outward,addNodesAndNotify,1.000,1.035934,0.007276,0.030
64,outward,deselectAll,1.000,0.656351,0.005722,0.024
64,outward,drag,1.000,7.765272,0.006707,0.028
64,outward,events_and_render,1.000,16.493269,0.461067,1.900
64,outward,frame,1.000,24.260834,0.002293,0.009
64,outward,input.pick,1.000,0.037511,0.037511,0.155
64,outward,notify.selectionDidChange,4.000,4.714117,0.330012,1.360
64,outward,removeNodesAndNotify,1.000,0.999229,0.010707,0.044
64,outward,selectNodes,1.000,1.518714,0.008739,0.036
64,outward,splitBrushesOutward,1.000,7.720166,0.009131,0.038
64,inward,Brush.copy,2.000,0.021774,0.001983,0.008
64,inward,Brush.copy.faces,3.000,0.001820,0.001820,0.007
64,inward,Brush.copy.geometry,3.000,0.031682,0.031682,0.128
64,inward,Brush::clip,2.000,0.057082,0.057082,0.230
64,inward,BrushRenderer::addBrush,5.000,0.032494,0.004352,0.018
64,inward,BrushRenderer::invalidate,6.000,0.037562,0.037562,0.151
64,inward,BrushRenderer::removeBrush,5.000,0.014769,0.005348,0.022
64,inward,BrushRenderer::validate,2.000,0.157946,0.021740,0.088
64,inward,BrushRenderer::validateBrush,65.000,0.136206,0.136206,0.549
64,inward,CommandProcessor::executeAndStore,5.000,3.042721,0.267733,1.080
64,inward,CommandProcessor::rollbackTransaction,1.000,5.909665,0.017878,0.072
64,inward,CommandProcessor::undoCommand,3.000,5.692667,0.480876,1.939
64,inward,EntityPropertyGrid::updateControls,6.000,0.030747,0.030747,0.124
64,inward,ExtrudeTool::extrude,1.000,9.463404,0.001921,0.008
64,inward,FaceAttribsEditor::updateControls,1.000,0.221518,0.221518,0.893
64,inward,Map::nodesDidChange,2.000,0.010851,0.010851,0.044
64,inward,Map::nodesWereAdded,1.000,0.005849,0.005849,0.024
64,inward,Map::nodesWereRemoved,1.000,0.004069,0.004069,0.016
64,inward,Map::nodesWillBeRemoved,1.000,0.003229,0.003229,0.013
64,inward,Map::nodesWillChange,2.000,0.003642,0.003642,0.015
64,inward,Map::rollbackTransaction,1.000,5.919524,0.009859,0.040
64,inward,Map::selectionDidChange,3.000,0.009246,0.009246,0.037
64,inward,Map::selectionWillChange,3.000,0.000905,0.000905,0.004
64,inward,MapDocument::transactionDone,2.000,0.332876,0.234554,0.946
64,inward,MapDocument::transactionUndone,1.000,0.199120,0.142771,0.576
64,inward,MapRenderer::nodesDidChange,2.000,0.005130,0.005130,0.021
64,inward,MapRenderer::nodesWereAdded,1.000,0.007878,0.003203,0.013
64,inward,MapRenderer::nodesWereRemoved,1.000,0.006829,0.002098,0.008
64,inward,MapRenderer::selectionDidChange,3.000,0.048418,0.010562,0.043
64,inward,MapViewBase::renderContents,1.000,0.745527,0.587581,2.369
64,inward,MapViewBase::selectionDidChange,12.000,0.165292,0.035573,0.143
64,inward,MapViewBase::updateActionStates,24.000,0.055258,0.055258,0.223
64,inward,MapWindow::selectionDidChange,3.000,0.170708,0.170708,0.688
64,inward,MapWindow::updateActionState,1.000,0.033358,0.033358,0.135
64,inward,OutlinerEntityPropertyEditor::rebuildPropertyRows,1.000,1.936852,1.723083,6.949
64,inward,OutlinerEntityPropertyEditor::refreshEmbeddedEditors,2.000,0.000716,0.000716,0.003
64,inward,OutlinerEntityPropertyEditor::refreshVisiblePropertyValues,2.000,0.301670,0.301670,1.217
64,inward,OutlinerEntityPropertyEditor::updateFromSelection,1.000,1.945248,0.008396,0.034
64,inward,OutlinerTreeWidget::onDocumentSelectionChanged,3.000,2.316722,0.004620,0.019
64,inward,OutlinerTreeWidget::refreshTreeParents,2.000,4.612793,0.503323,2.030
64,inward,OutlinerTreeWidget::setupTreeItem,131.000,1.401520,1.401520,5.652
64,inward,OutlinerTreeWidget::syncSelectionFromDocument,5.000,5.020052,5.020052,20.244
64,inward,Qt.LayoutRequest,3.000,0.116992,0.116992,0.472
64,inward,Qt.MetaCall,16.000,2.767170,0.821923,3.314
64,inward,Qt.Paint,21.000,8.599076,7.839443,31.613
64,inward,Qt.Polish,7.000,0.510454,0.510454,2.058
64,inward,Qt.PolishRequest,7.000,0.312837,0.016152,0.065
64,inward,Qt.Timer,7.892,1.864035,1.081742,4.362
64,inward,Qt.UpdateRequest,1.000,10.356746,1.757670,7.088
64,inward,RenderView::paintGL,1.000,0.759633,0.001221,0.005
64,inward,RenderView::render,1.000,0.758412,0.012885,0.052
64,inward,ToolBoxConnector::updatePickResult,24.000,0.215563,0.215563,0.869
64,inward,addNodes,1.000,2.527620,0.021563,0.087
64,inward,addNodesAndNotify,1.000,2.110226,0.006757,0.027
64,inward,doSwapNodeContents,2.000,0.343298,0.021289,0.086
64,inward,drag,1.000,9.509744,0.006900,0.028
64,inward,events_and_render,1.000,15.285623,0.395259,1.594
64,inward,frame,1.000,24.797821,0.002455,0.010
64,inward,input.pick,1.000,0.039439,0.039439,0.159
64,inward,notify.selectionDidChange,3.000,2.983397,0.255833,1.032
64,inward,removeNodesAndNotify,1.000,2.548953,0.011775,0.047
64,inward,selectNodes,1.000,0.535086,0.009744,0.039
64,inward,splitBrushesInward,1.000,9.460894,0.021394,0.086
64,inward,splitBrushesOutward,1.000,0.000589,0.000589,0.002
64,inward,updateNodeContents,2.000,0.728225,0.020505,0.083
